"","Address","Type","Color","ExtendedType"
"1","21630339","STAINING","-99","DNP(20K)"
"2","24669308","STAINING","-99","Biotin(5K)"
"3","27630314","STAINING","Red","DNP (High)"
"4","34648333","STAINING","Blue","Biotin (Bkg)"
"5","41666334","STAINING","Green","Biotin (High)"
"6","43603326","STAINING","Purple","DNP (Bkg)"
"7","12719506","EXTENSION","Blue","Extension (G)"
"8","21752326","EXTENSION","Purple","Extension (T)"
"9","63642461","EXTENSION","Red","Extension (A)"
"10","74666473","EXTENSION","Green","Extension (C)"
"11","21771417","HYBRIDIZATION","Black","Hyb (Low)"
"12","39782321","HYBRIDIZATION","Blue","Hyb (Medium)"
"13","28684356","HYBRIDIZATION","Green","Hyb (High)"
"14","39773404","TARGET REMOVAL","Green","Target Removal 1"
"15","42790394","TARGET REMOVAL","Blue","Target Removal 2"
"16","22795447","BISULFITE CONVERSION I","Green","BS Conversion I-C1"
"17","56682500","BISULFITE CONVERSION I","Lime","BS Conversion I-C2"
"18","54705438","BISULFITE CONVERSION I","Purple","BS Conversion I-C3"
"19","49720470","BISULFITE CONVERSION I","Red","BS Conversion I-C4"
"20","26725400","BISULFITE CONVERSION I","Tomato","BS Conversion I-C5"
"21","24637490","BISULFITE CONVERSION I","Blue","BS Conversion I-U1"
"22","33665449","BISULFITE CONVERSION I","Cyan","BS Conversion I-U2"
"23","57693375","BISULFITE CONVERSION I","Orange","BS Conversion I-U3"
"24","15700381","BISULFITE CONVERSION I","Gold","BS Conversion I-U4"
"25","33635504","BISULFITE CONVERSION I","Yellow","BS Conversion I-U5"
"26","43720395","BISULFITE CONVERSION II","Purple","BS Conversion II-1"
"27","70664314","BISULFITE CONVERSION II","Red","BS Conversion II-2"
"28","71718498","BISULFITE CONVERSION II","Tomato","BS Conversion II-3"
"29","12722428","BISULFITE CONVERSION II","Tomato","BS Conversion II-4"
"30","65735497","SPECIFICITY I","Green","GT Mismatch 1 (PM)"
"31","51804467","SPECIFICITY I","LimeGreen","GT Mismatch 2 (PM)"
"32","61624401","SPECIFICITY I","Lime","GT Mismatch 3 (PM)"
"33","50611399","SPECIFICITY I","Blue","GT Mismatch 1 (MM)"
"34","30684480","SPECIFICITY I","SkyBlue","GT Mismatch 2 (MM)"
"35","28649458","SPECIFICITY I","Cyan","GT Mismatch 3 (MM)"
"36","46779338","SPECIFICITY I","Purple","GT Mismatch 4 (PM)"
"37","59783305","SPECIFICITY I","Red","GT Mismatch 5 (PM)"
"38","28618334","SPECIFICITY I","Tomato","GT Mismatch 6 (PM)"
"39","51745378","SPECIFICITY I","Orange","GT Mismatch 4 (MM)"
"40","65797428","SPECIFICITY I","Gold","GT Mismatch 5 (MM)"
"41","52712334","SPECIFICITY I","Yellow","GT Mismatch 6 (MM)"
"42","29662396","SPECIFICITY II","Purple","Specificity 1"
"43","17661470","SPECIFICITY II","Red","Specificity 2"
"44","34730329","SPECIFICITY II","Tomato","Specificity 3"
"45","24701411","NON-POLYMORPHIC","Red","NP (A)"
"46","18773482","NON-POLYMORPHIC","Purple","NP (T)"
"47","23663352","NON-POLYMORPHIC","Green","NP (C)"
"48","38796356","NON-POLYMORPHIC","Blue","NP (G)"
"49","39623485","NON-POLYMORPHIC","-99","NP (G) 1"
"50","55674478","NON-POLYMORPHIC","-99","NP (G) 2"
"51","19625481","NON-POLYMORPHIC","-99","NP (G) 3"
"52","47614409","NON-POLYMORPHIC","-99","NP (G) 4"
"53","17667422","NON-POLYMORPHIC","-99","NP (G) 5"
"54","10609447","NEGATIVE","RED","Negative 1286"
"55","10627500","NEGATIVE","Purple","Negative 265"
"56","10676356","NEGATIVE","RED","Negative 1284"
"57","10731326","NEGATIVE","Olive","Negative 583"
"58","10732387","NEGATIVE","Cyan","Negative 318"
"59","10740401","NEGATIVE","RED","Negative 855"
"60","10744385","NEGATIVE","Cyan","Negative 558"
"61","10760363","NEGATIVE","Orchid","Negative 598"
"62","10768409","NEGATIVE","RED","Negative 1240"
"63","10786458","NEGATIVE","RED","Negative 1200"
"64","11678455","NEGATIVE","RED","Negative 857"
"65","11683376","NEGATIVE","RED","Negative 1153"
"66","11773410","NEGATIVE","Purple","Negative 355"
"67","11807451","NEGATIVE","Fuchsia","Negative 357"
"68","12615373","NEGATIVE","RED","Negative 858"
"69","12676382","NEGATIVE","RED","Negative 1134"
"70","12683388","NEGATIVE","RED","Negative 1119"
"71","12760383","NEGATIVE","RED","Negative 1222"
"72","12798434","NEGATIVE","RED","Negative 1107"
"73","13614338","NEGATIVE","Violet","Negative 144"
"74","13639467","NEGATIVE","Olive","Negative 343"
"75","13666306","NEGATIVE","RED","Negative 1096"
"76","13678432","NEGATIVE","RED","Negative 1269"
"77","13730428","NEGATIVE","Silver","Negative 63"
"78","13792480","NEGATIVE","Red","Negative 1"
"79","14636449","NEGATIVE","Crimson","Negative 179"
"80","14642466","NEGATIVE","RED","Negative 1256"
"81","14667385","NEGATIVE","Aqua","Negative 107"
"82","14678473","NEGATIVE","RED","Negative 1080"
"83","14694306","NEGATIVE","Olive","Negative 223"
"84","15664391","NEGATIVE","RED","Negative 1324"
"85","15675471","NEGATIVE","Aqua","Negative 137"
"86","15695478","NEGATIVE","RED","Negative 1160"
"87","15719334","NEGATIVE","Fuchsia","Negative 477"
"88","15727485","NEGATIVE","Teal","Negative 586"
"89","15740334","NEGATIVE","Brown","Negative 484"
"90","15760434","NEGATIVE","Cyan","Negative 18"
"91","15769506","NEGATIVE","Maroon","Negative 545"
"92","15797317","NEGATIVE","Purple","Negative 595"
"93","16637360","NEGATIVE","RED","Negative 1151"
"94","16703473","NEGATIVE","RED","Negative 1192"
"95","16764335","NEGATIVE","Maroon","Negative 425"
"96","16802409","NEGATIVE","RED","Negative 1194"
"97","17606370","NEGATIVE","Gray","Negative 152"
"98","17697426","NEGATIVE","Teal","Negative 46"
"99","17728375","NEGATIVE","Orchid","Negative 58"
"100","17791300","NEGATIVE","RED","Negative 1062"
"101","17799458","NEGATIVE","Plum","Negative 576"
"102","18622304","NEGATIVE","RED","Negative 872"
"103","18622361","NEGATIVE","RED","Negative 1275"
"104","18641472","NEGATIVE","RED","Negative 1337"
"105","18684312","NEGATIVE","Pink","Negative 330"
"106","18717404","NEGATIVE","Red","Negative 61"
"107","18727400","NEGATIVE","BlueViolet","Negative 232"
"108","19642457","NEGATIVE","Cyan","Negative 228"
"109","19659360","NEGATIVE","Silver","Negative 423"
"110","19667322","NEGATIVE","Navy","Negative 50"
"111","19746379","NEGATIVE","Yellow","Negative 74"
"112","19769414","NEGATIVE","Silver","Negative 333"
"113","20666345","NEGATIVE","Magenta","Negative 566"
"114","20791303","NEGATIVE","Navy","Negative 170"
"115","21603442","NEGATIVE","RED","Negative 1164"
"116","21635460","NEGATIVE","Orange","Negative 550"
"117","21643393","NEGATIVE","Orchid","Negative 478"
"118","21703446","NEGATIVE","Fuchsia","Negative 87"
"119","21704406","NEGATIVE","Gray","Negative 332"
"120","21705378","NEGATIVE","Khaki","Negative 462"
"121","21780347","NEGATIVE","Gray","Negative 182"
"122","21787367","NEGATIVE","Red","Negative 151"
"123","22601420","NEGATIVE","RED","Negative 1291"
"124","22609385","NEGATIVE","Fuchsia","Negative 207"
"125","22645364","NEGATIVE","RED","Negative 1213"
"126","22667496","NEGATIVE","BlueViolet","Negative 112"
"127","22674508","NEGATIVE","Violet","Negative 444"
"128","22688305","NEGATIVE","Gold","Negative 461"
"129","22694431","NEGATIVE","Lavender","Negative 409"
"130","22705438","NEGATIVE","Gold","Negative 581"
"131","23624465","NEGATIVE","Tan","Negative 339"
"132","23631316","NEGATIVE","Violet","Negative 564"
"133","23649302","NEGATIVE","RED","Negative 1198"
"134","23713493","NEGATIVE","Lavender","Negative 379"
"135","23716350","NEGATIVE","Plum","Negative 186"
"136","23719447","NEGATIVE","Gold","Negative 101"
"137","23740309","NEGATIVE","Magenta","Negative 596"
"138","23760472","NEGATIVE","Khaki","Negative 432"
"139","24683315","NEGATIVE","RED","Negative 1262"
"140","24684310","NEGATIVE","Lavender","Negative 469"
"141","24685437","NEGATIVE","Cyan","Negative 408"
"142","24809342","NEGATIVE","Orange","Negative 580"
"143","25621346","NEGATIVE","Pink","Negative 540"
"144","25742329","NEGATIVE","Coral","Negative 367"
"145","25758414","NEGATIVE","RED","Negative 1176"
"146","26648509","NEGATIVE","Lavender","Negative 559"
"147","26665427","NEGATIVE","Maroon","Negative 575"
"148","26669386","NEGATIVE","Fuchsia","Negative 567"
"149","26722464","NEGATIVE","RED","Negative 1193"
"150","26728479","NEGATIVE","RED","Negative 1076"
"151","26769463","NEGATIVE","Teal","Negative 556"
"152","26770499","NEGATIVE","Lime","Negative 585"
"153","27642486","NEGATIVE","Khaki","Negative 162"
"154","27668419","NEGATIVE","Purple","Negative 475"
"155","27672396","NEGATIVE","RED","Negative 1118"
"156","27691388","NEGATIVE","Coral","Negative 487"
"157","27722502","NEGATIVE","Aqua","Negative 77"
"158","28631434","NEGATIVE","Teal","Negative 286"
"159","28715352","NEGATIVE","Brown","Negative 4"
"160","28717328","NEGATIVE","Navy","Negative 410"
"161","28738335","NEGATIVE","RED","Negative 1203"
"162","28772416","NEGATIVE","Lavender","Negative 499"
"163","28800399","NEGATIVE","Magenta","Negative 356"
"164","28808427","NEGATIVE","RED","Negative 1168"
"165","29617416","NEGATIVE","Lime","Negative 465"
"166","29655354","NEGATIVE","Lime","Negative 375"
"167","29746457","NEGATIVE","Maroon","Negative 275"
"168","29784508","NEGATIVE","RED","Negative 1083"
"169","29790482","NEGATIVE","Magenta","Negative 416"
"170","30675376","NEGATIVE","Tan","Negative 459"
"171","30748463","NEGATIVE","Purple","Negative 85"
"172","30754380","NEGATIVE","BlueViolet","Negative 352"
"173","30762347","NEGATIVE","Cyan","Negative 528"
"174","30808510","NEGATIVE","RED","Negative 1169"
"175","30809470","NEGATIVE","Lime","Negative 165"
"176","31635492","NEGATIVE","Olive","Negative 493"
"177","31659478","NEGATIVE","RED","Negative 1244"
"178","31665352","NEGATIVE","Maroon","Negative 335"
"179","31709433","NEGATIVE","Purple","Negative 385"
"180","31741496","NEGATIVE","RED","Negative 1219"
"181","31766306","NEGATIVE","Coral","Negative 67"
"182","32668325","NEGATIVE","RED","Negative 1189"
"183","32769401","NEGATIVE","Crimson","Negative 119"
"184","32772339","NEGATIVE","RED","Negative 1136"
"185","33619380","NEGATIVE","RED","Negative 1245"
"186","33621423","NEGATIVE","Blue","Negative 381"
"187","33653420","NEGATIVE","RED","Negative 1332"
"188","33674422","NEGATIVE","RED","Negative 1270"
"189","33677481","NEGATIVE","-99","Negative 601"
"190","33714465","NEGATIVE","Sienna","Negative 368"
"191","33730459","NEGATIVE","Plum","Negative 6"
"192","33765459","NEGATIVE","Lime","Negative 555"
"193","34602505","NEGATIVE","Blue","Negative 351"
"194","34624334","NEGATIVE","Coral","Negative 277"
"195","34646469","NEGATIVE","Teal","Negative 376"
"196","34661497","NEGATIVE","Yellow","Negative 344"
"197","34681355","NEGATIVE","Crimson","Negative 29"
"198","34772371","NEGATIVE","Silver","Negative 3"
"199","34779461","NEGATIVE","Aqua","Negative 527"
"200","35678453","NEGATIVE","Orange","Negative 10"
"201","35714458","NEGATIVE","Coral","Negative 517"
"202","36628412","NEGATIVE","Coral","Negative 37"
"203","36642338","NEGATIVE","Magenta","Negative 446"
"204","36647382","NEGATIVE","Lavender","Negative 49"
"205","36665378","NEGATIVE","RED","Negative 1199"
"206","36675490","NEGATIVE","Gold","Negative 41"
"207","36688342","NEGATIVE","Brown","Negative 364"
"208","36723508","NEGATIVE","Orchid","Negative 178"
"209","36724435","NEGATIVE","RED","Negative 1293"
"210","36729435","NEGATIVE","RED","Negative 1720"
"211","36759384","NEGATIVE","Purple","Negative 325"
"212","36773429","NEGATIVE","RED","Negative 1173"
"213","36781404","NEGATIVE","Gray","Negative 392"
"214","36803355","NEGATIVE","BlueViolet","Negative 562"
"215","36810406","NEGATIVE","RED","Negative 1295"
"216","37601420","NEGATIVE","Teal","Negative 316"
"217","37619381","NEGATIVE","RED","Negative 1229"
"218","37639436","NEGATIVE","Olive","Negative 13"
"219","37706335","NEGATIVE","Khaki","Negative 312"
"220","37710397","NEGATIVE","-99","Negative 605"
"221","37727355","NEGATIVE","Sienna","Negative 338"
"222","37767334","NEGATIVE","BlueViolet","Negative 382"
"223","38646418","NEGATIVE","Red","Negative 121"
"224","38694476","NEGATIVE","Pink","Negative 60"
"225","38707323","NEGATIVE","Sienna","Negative 308"
"226","38712342","NEGATIVE","Brown","Negative 424"
"227","39698315","NEGATIVE","RED","Negative 1120"
"228","39712371","NEGATIVE","RED","Negative 1228"
"229","39736424","NEGATIVE","Gold","Negative 311"
"230","39781461","NEGATIVE","RED","Negative 1214"
"231","40619329","NEGATIVE","Lime","Negative 315"
"232","40629493","NEGATIVE","Plum","Negative 396"
"233","40713496","NEGATIVE","-99","Negative 607"
"234","40718477","NEGATIVE","Aqua","Negative 197"
"235","40719345","NEGATIVE","RED","Negative 1320"
"236","40747444","NEGATIVE","Navy","Negative 500"
"237","40757376","NEGATIVE","Khaki","Negative 132"
"238","40772413","NEGATIVE","Purple","Negative 235"
"239","40807480","NEGATIVE","Crimson","Negative 449"
"240","41655506","NEGATIVE","Purple","Negative 415"
"241","41745324","NEGATIVE","RED","Negative 955"
"242","41746382","NEGATIVE","Brown","Negative 124"
"243","41802497","NEGATIVE","Lime","Negative 285"
"244","42643451","NEGATIVE","Indigo","Negative 533"
"245","42651423","NEGATIVE","RED","Negative 1074"
"246","42679493","NEGATIVE","RED","Negative 958"
"247","42751432","NEGATIVE","Lavender","Negative 79"
"248","42757388","NEGATIVE","RED","Negative 1073"
"249","42767478","NEGATIVE","RED","Negative 1063"
"250","42768497","NEGATIVE","Aqua","Negative 557"
"251","42782434","NEGATIVE","RED","Negative 960"
"252","42792342","NEGATIVE","Indigo","Negative 323"
"253","43605442","NEGATIVE","RED","Negative 1719"
"254","43614493","NEGATIVE","RED","Negative 1177"
"255","43647329","NEGATIVE","RED","Negative 1241"
"256","43648499","NEGATIVE","RED","Negative 1273"
"257","43653368","NEGATIVE","RED","Negative 1195"
"258","43700387","NEGATIVE","Cyan","Negative 378"
"259","43704397","NEGATIVE","Yellow","Negative 254"
"260","43810396","NEGATIVE","RED","Negative 1121"
"261","44618314","NEGATIVE","Tan","Negative 549"
"262","44623355","NEGATIVE","Maroon","Negative 365"
"263","44668434","NEGATIVE","RED","Negative 1092"
"264","44684348","NEGATIVE","Gray","Negative 122"
"265","44710434","NEGATIVE","RED","Negative 1253"
"266","44715410","NEGATIVE","Pink","Negative 360"
"267","44746458","NEGATIVE","Pink","Negative 450"
"268","44760439","NEGATIVE","BlueViolet","Negative 592"
"269","44767440","NEGATIVE","Violet","Negative 24"
"270","44809397","NEGATIVE","Violet","Negative 84"
"271","46635484","NEGATIVE","Teal","Negative 526"
"272","46647425","NEGATIVE","Orange","Negative 310"
"273","46784419","NEGATIVE","Crimson","Negative 269"
"274","46804470","NEGATIVE","Coral","Negative 127"
"275","46809455","NEGATIVE","Sienna","Negative 278"
"276","47739456","NEGATIVE","Olive","Negative 433"
"277","48623411","NEGATIVE","Fuchsia","Negative 117"
"278","48639474","NEGATIVE","Yellow","Negative 464"
"279","48681497","NEGATIVE","Indigo","Negative 263"
"280","48691496","NEGATIVE","Olive","Negative 133"
"281","48730356","NEGATIVE","Teal","Negative 496"
"282","48734451","NEGATIVE","RED","Negative 1334"
"283","48745401","NEGATIVE","RED","Negative 1257"
"284","48759321","NEGATIVE","Lavender","Negative 259"
"285","48790370","NEGATIVE","BlueViolet","Negative 142"
"286","48796393","NEGATIVE","BlueViolet","Negative 52"
"287","48803364","NEGATIVE","Plum","Negative 216"
"288","49658386","NEGATIVE","Orange","Negative 520"
"289","49669412","NEGATIVE","Red","Negative 451"
"290","49680446","NEGATIVE","Plum","Negative 486"
"291","49682447","NEGATIVE","RED","Negative 1243"
"292","49700377","NEGATIVE","Coral","Negative 577"
"293","50636432","NEGATIVE","Purple","Negative 565"
"294","50682301","NEGATIVE","Khaki","Negative 282"
"295","50698313","NEGATIVE","Gold","Negative 131"
"296","50750423","NEGATIVE","RED","Negative 1283"
"297","51609389","NEGATIVE","Coral","Negative 217"
"298","51617379","NEGATIVE","Maroon","Negative 515"
"299","51623426","NEGATIVE","RED","Negative 1272"
"300","51630461","NEGATIVE","Orange","Negative 130"
"301","51649417","NEGATIVE","Violet","Negative 114"
"302","51654304","NEGATIVE","Lime","Negative 105"
"303","51703475","NEGATIVE","RED","Negative 1116"
"304","51757484","NEGATIVE","RED","Negative 1309"
"305","51764357","NEGATIVE","Gold","Negative 371"
"306","51807349","NEGATIVE","Magenta","Negative 116"
"307","52665450","NEGATIVE","Cyan","Negative 588"
"308","52677505","NEGATIVE","Gray","Negative 512"
"309","52685510","NEGATIVE","Tan","Negative 309"
"310","52773311","NEGATIVE","Tan","Negative 39"
"311","53732484","NEGATIVE","Yellow","Negative 104"
"312","53743425","NEGATIVE","Violet","Negative 354"
"313","53798451","NEGATIVE","Yellow","Negative 194"
"314","53800404","NEGATIVE","RED","Negative 1050"
"315","54602452","NEGATIVE","Gray","Negative 212"
"316","54620498","NEGATIVE","Pink","Negative 300"
"317","54623464","NEGATIVE","Coral","Negative 397"
"318","54647418","NEGATIVE","Coral","Negative 7"
"319","54655320","NEGATIVE","Lime","Negative 255"
"320","54660350","NEGATIVE","Pink","Negative 210"
"321","54684414","NEGATIVE","Olive","Negative 283"
"322","54739456","NEGATIVE","RED","Negative 1109"
"323","55605345","NEGATIVE","RED","Negative 1061"
"324","55644371","NEGATIVE","Yellow","Negative 314"
"325","55656348","NEGATIVE","RED","Negative 1158"
"326","55659383","NEGATIVE","Sienna","Negative 248"
"327","55673311","NEGATIVE","Khaki","Negative 492"
"328","55687425","NEGATIVE","Brown","Negative 154"
"329","55716389","NEGATIVE","Brown","Negative 244"
"330","55734437","NEGATIVE","RED","Negative 1152"
"331","55765450","NEGATIVE","Plum","Negative 426"
"332","55773381","NEGATIVE","RED","Negative 1274"
"333","55773398","NEGATIVE","RED","Negative 1145"
"334","56602420","NEGATIVE","Red","Negative 571"
"335","56616504","NEGATIVE","Blue","Negative 171"
"336","56677335","NEGATIVE","RED","Negative 1155"
"337","56737301","NEGATIVE","Crimson","Negative 539"
"338","56793432","NEGATIVE","Fuchsia","Negative 507"
"339","56810364","NEGATIVE","Orchid","Negative 388"
"340","57610504","NEGATIVE","RED","Negative 1087"
"341","57649451","NEGATIVE","Orange","Negative 370"
"342","57716426","NEGATIVE","Tan","Negative 279"
"343","57718401","NEGATIVE","Cyan","Negative 78"
"344","57726345","NEGATIVE","Blue","Negative 471"
"345","58649309","NEGATIVE","Pink","Negative 270"
"346","58698497","NEGATIVE","Lime","Negative 75"
"347","58709354","NEGATIVE","Olive","Negative 163"
"348","58743479","NEGATIVE","Lime","Negative 135"
"349","59616409","NEGATIVE","Maroon","Negative 65"
"350","59623346","NEGATIVE","Plum","Negative 36"
"351","59664305","NEGATIVE","Teal","Negative 436"
"352","59678332","NEGATIVE","Sienna","Negative 188"
"353","59700309","NEGATIVE","Navy","Negative 350"
"354","59731452","NEGATIVE","Magenta","Negative 536"
"355","59785457","NEGATIVE","Gold","Negative 251"
"356","60621505","NEGATIVE","RED","Negative 1315"
"357","60632306","NEGATIVE","Fuchsia","Negative 537"
"358","60672347","NEGATIVE","RED","Negative 1077"
"359","60726465","NEGATIVE","Violet","Negative 474"
"360","60772307","NEGATIVE","RED","Negative 1303"
"361","60779460","NEGATIVE","Gold","Negative 431"
"362","60782312","NEGATIVE","RED","Negative 1101"
"363","60807493","NEGATIVE","RED","Negative 1144"
"364","61675408","NEGATIVE","RED","Negative 1268"
"365","61694431","NEGATIVE","Fuchsia","Negative 27"
"366","61723341","NEGATIVE","RED","Negative 1004"
"367","61773338","NEGATIVE","RED","Negative 1216"
"368","62652368","NEGATIVE","RED","Negative 1103"
"369","62653340","NEGATIVE","Red","Negative 541"
"370","62687391","NEGATIVE","Maroon","Negative 35"
"371","62691388","NEGATIVE","Pink","Negative 420"
"372","62707370","NEGATIVE","RED","Negative 1260"
"373","62711365","NEGATIVE","Tan","Negative 249"
"374","62715445","NEGATIVE","Maroon","Negative 125"
"375","62801491","NEGATIVE","RED","Negative 1086"
"376","62801496","NEGATIVE","RED","Negative 1186"
"377","63602509","NEGATIVE","Teal","Negative 136"
"378","63609386","NEGATIVE","Teal","Negative 226"
"379","63701462","NEGATIVE","Blue","Negative 201"
"380","63718317","NEGATIVE","Khaki","Negative 102"
"381","63722503","NEGATIVE","Maroon","Negative 185"
"382","63793358","NEGATIVE","Orchid","Negative 88"
"383","63798462","NEGATIVE","Crimson","Negative 329"
"384","64601411","NEGATIVE","Gray","Negative 482"
"385","64607409","NEGATIVE","Khaki","Negative 12"
"386","64670483","NEGATIVE","Tan","Negative 219"
"387","64677468","NEGATIVE","Purple","Negative 205"
"388","64683305","NEGATIVE","Yellow","Negative 494"
"389","64694405","NEGATIVE","Violet","Negative 384"
"390","64702437","NEGATIVE","Red","Negative 91"
"391","64711325","NEGATIVE","Olive","Negative 373"
"392","64727389","NEGATIVE","Orchid","Negative 268"
"393","64751469","NEGATIVE","RED","Negative 1208"
"394","64757499","NEGATIVE","RED","Negative 1308"
"395","64759370","NEGATIVE","RED","Negative 1089"
"396","65645458","NEGATIVE","Sienna","Negative 428"
"397","65679420","NEGATIVE","Lavender","Negative 319"
"398","65692342","NEGATIVE","Silver","Negative 243"
"399","65692343","NEGATIVE","Sienna","Negative 98"
"400","65745306","NEGATIVE","RED","Negative 1318"
"401","65789315","NEGATIVE","Blue","Negative 441"
"402","66624407","NEGATIVE","Purple","Negative 145"
"403","66645413","NEGATIVE","Silver","Negative 303"
"404","66647505","NEGATIVE","Teal","Negative 166"
"405","66703354","NEGATIVE","Magenta","Negative 506"
"406","66728450","NEGATIVE","RED","Negative 1110"
"407","66738419","NEGATIVE","Aqua","Negative 167"
"408","66764427","NEGATIVE","-99","Negative 610"
"409","66765375","NEGATIVE","Indigo","Negative 83"
"410","66793462","NEGATIVE","Orchid","Negative 538"
"411","66808385","NEGATIVE","Magenta","Negative 296"
"412","66808396","NEGATIVE","RED","Negative 1327"
"413","67657429","NEGATIVE","RED","Negative 1097"
"414","67698370","NEGATIVE","RED","Negative 1157"
"415","68601372","NEGATIVE","Indigo","Negative 563"
"416","68618486","NEGATIVE","RED","Negative 1298"
"417","68799422","NEGATIVE","RED","Negative 1721"
"418","69652373","NEGATIVE","Sienna","Negative 518"
"419","69659385","NEGATIVE","Purple","Negative 535"
"420","69690428","NEGATIVE","RED","Negative 1075"
"421","69706451","NEGATIVE","Aqua","Negative 437"
"422","69752425","NEGATIVE","Pink","Negative 480"
"423","69775303","NEGATIVE","Fuchsia","Negative 327"
"424","70616500","NEGATIVE","Cyan","Negative 258"
"425","70655300","NEGATIVE","RED","Negative 1316"
"426","70715362","NEGATIVE","RED","Negative 1333"
"427","70766461","NEGATIVE","Gold","Negative 521"
"428","70806390","NEGATIVE","RED","Negative 1206"
"429","71606449","NEGATIVE","RED","Negative 1322"
"430","71637302","NEGATIVE","Red","Negative 31"
"431","71674337","NEGATIVE","RED","Negative 1288"
"432","71677459","NEGATIVE","RED","Negative 1251"
"433","71684459","NEGATIVE","Sienna","Negative 8"
"434","71685343","NEGATIVE","Khaki","Negative 342"
"435","71686451","NEGATIVE","RED","Negative 1205"
"436","71702433","NEGATIVE","Indigo","Negative 143"
"437","71705328","NEGATIVE","Aqua","Negative 377"
"438","71722434","NEGATIVE","Magenta","Negative 206"
"439","71769469","NEGATIVE","RED","Negative 1281"
"440","71773433","NEGATIVE","RED","Negative 1317"
"441","71775347","NEGATIVE","Sienna","Negative 548"
"442","71786470","NEGATIVE","RED","Negative 1299"
"443","71796481","NEGATIVE","RED","Negative 1143"
"444","71798374","NEGATIVE","RED","Negative 1026"
"445","72602362","NEGATIVE","Orchid","Negative 448"
"446","72703449","NEGATIVE","Navy","Negative 230"
"447","72709472","NEGATIVE","RED","Negative 1207"
"448","72751495","NEGATIVE","Maroon","Negative 95"
"449","72756510","NEGATIVE","RED","Negative 1124"
"450","72808472","NEGATIVE","RED","Negative 1242"
"451","73621326","NEGATIVE","RED","Negative 1209"
"452","73645452","NEGATIVE","RED","Negative 1336"
"453","73681335","NEGATIVE","Maroon","Negative 245"
"454","73690339","NEGATIVE","RED","Negative 1171"
"455","73741497","NEGATIVE","RED","Negative 1280"
"456","73789449","NEGATIVE","Khaki","Negative 552"
"457","73794328","NEGATIVE","Blue","Negative 21"
"458","74669430","NEGATIVE","RED","Negative 1147"
"459","74684431","NEGATIVE","Navy","Negative 320"
"460","74725387","NEGATIVE","RED","Negative 1085"
"461","74737439","NEGATIVE","Maroon","Negative 5"
"462","74748483","NEGATIVE","Gray","Negative 242"
"463","74787491","NEGATIVE","Khaki","Negative 402"
"464","74789410","NEGATIVE","RED","Negative 1133"
"465","41636384","RESTORATION","Green","Restore"
"466","10714330","NORM_T","Purple","Norm_T46"
"467","10804473","NORM_G","Blue","Norm_G22"
"468","11641439","NORM_T","Purple","Norm_T2"
"469","11651448","NORM_C","Green","Norm_C34"
"470","11718309","NORM_A","Red","Norm_A25"
"471","11739368","NORM_C","Green","Norm_C54"
"472","11742370","NORM_T","Purple","Norm_T8"
"473","11749491","NORM_T","Purple","Norm_T54"
"474","11758414","NORM_T","Purple","Norm_T11"
"475","12606314","NORM_C","Green","Norm_C35"
"476","12713402","NORM_T","Purple","Norm_T31"
"477","13742412","NORM_T","Purple","Norm_T61"
"478","14656336","NORM_T","Purple","Norm_T58"
"479","14669466","NORM_C","Green","Norm_C46"
"480","15639322","NORM_A","Red","Norm_A5"
"481","15642403","NORM_G","Blue","Norm_G24"
"482","15681421","NORM_T","Purple","Norm_T40"
"483","15681446","NORM_T","Purple","Norm_T16"
"484","15733328","NORM_G","Blue","Norm_G16"
"485","15747446","NORM_A","Red","Norm_A22"
"486","15751492","NORM_C","Green","Norm_C31"
"487","15754447","NORM_T","Purple","Norm_T42"
"488","16690480","NORM_G","Blue","Norm_G9"
"489","16723352","NORM_A","Red","Norm_A15"
"490","16739368","NORM_C","Green","Norm_C10"
"491","17630478","NORM_A","Red","Norm_A4"
"492","17719492","NORM_C","Green","Norm_C24"
"493","17801437","NORM_C","Green","Norm_C27"
"494","18654457","NORM_A","Red","Norm_A7"
"495","18658347","NORM_G","Blue","Norm_G26"
"496","18733503","NORM_G","Blue","Norm_G1"
"497","19695407","NORM_T","Purple","Norm_T27"
"498","20651487","NORM_T","Purple","Norm_T47"
"499","21666326","NORM_C","Green","Norm_C30"
"500","22667482","NORM_C","Green","Norm_C38"
"501","22786434","NORM_C","Green","Norm_C41"
"502","23684492","NORM_C","Green","Norm_C52"
"503","23770483","NORM_T","Purple","Norm_T41"
"504","24711322","NORM_C","Green","Norm_C47"
"505","24744355","NORM_G","Blue","Norm_G20"
"506","25661400","NORM_G","Blue","Norm_G19"
"507","25717484","NORM_C","Green","Norm_C9"
"508","25790300","NORM_T","Purple","Norm_T9"
"509","26704364","NORM_T","Purple","Norm_T15"
"510","26787359","NORM_C","Green","Norm_C1"
"511","27756327","NORM_C","Green","Norm_C2"
"512","28673402","NORM_C","Green","Norm_C61"
"513","28724405","NORM_G","Blue","Norm_G31"
"514","28790326","NORM_T","Purple","Norm_T49"
"515","29618498","NORM_T","Purple","Norm_T51"
"516","29769366","NORM_C","Green","Norm_C43"
"517","29774306","NORM_T","Purple","Norm_T18"
"518","30750303","NORM_T","Purple","Norm_T13"
"519","31707322","NORM_T","Purple","Norm_T4"
"520","31736353","NORM_T","Purple","Norm_T17"
"521","31747339","NORM_T","Purple","Norm_T57"
"522","31775443","NORM_T","Purple","Norm_T24"
"523","31786303","NORM_A","Red","Norm_A9"
"524","31793441","NORM_A","Red","Norm_A21"
"525","32689421","NORM_G","Blue","Norm_G10"
"526","33613483","NORM_A","Red","Norm_A19"
"527","33644415","NORM_T","Purple","Norm_T19"
"528","33780372","NORM_C","Green","Norm_C50"
"529","33806355","NORM_T","Purple","Norm_T23"
"530","34642451","NORM_C","Green","Norm_C20"
"531","34667361","NORM_T","Purple","Norm_T56"
"532","34710461","NORM_C","Green","Norm_C11"
"533","34720366","NORM_C","Green","Norm_C53"
"534","35689446","NORM_G","Blue","Norm_G4"
"535","35717396","NORM_C","Green","Norm_C13"
"536","35810456","NORM_C","Green","Norm_C23"
"537","36621472","NORM_T","Purple","Norm_T12"
"538","36657375","NORM_A","Red","Norm_A31"
"539","36711421","NORM_T","Purple","Norm_T50"
"540","36806404","NORM_G","Blue","Norm_G8"
"541","37766401","NORM_T","Purple","Norm_T7"
"542","38663386","NORM_C","Green","Norm_C15"
"543","38708375","NORM_C","Green","Norm_C18"
"544","38781340","NORM_C","Green","Norm_C48"
"545","39615318","NORM_C","Green","Norm_C6"
"546","39662476","NORM_G","Blue","Norm_G11"
"547","40666333","NORM_T","Purple","Norm_T10"
"548","40720405","NORM_C","Green","Norm_C4"
"549","41745372","NORM_C","Green","Norm_C58"
"550","42624324","NORM_A","Red","Norm_A11"
"551","42722426","NORM_T","Purple","Norm_T14"
"552","43647400","NORM_C","Green","Norm_C29"
"553","43652393","NORM_A","Red","Norm_A1"
"554","43724438","NORM_T","Purple","Norm_T5"
"555","43751315","NORM_C","Green","Norm_C8"
"556","44612371","NORM_T","Purple","Norm_T43"
"557","44631336","NORM_T","Purple","Norm_T34"
"558","44650346","NORM_C","Green","Norm_C16"
"559","45648306","NORM_T","Purple","Norm_T30"
"560","46610354","NORM_T","Purple","Norm_T25"
"561","47715450","NORM_T","Purple","Norm_T60"
"562","47796462","NORM_C","Green","Norm_C42"
"563","48622429","NORM_A","Red","Norm_A17"
"564","48709470","NORM_G","Blue","Norm_G12"
"565","48757493","NORM_G","Blue","Norm_G29"
"566","49636425","NORM_A","Red","Norm_A8"
"567","49675379","NORM_C","Green","Norm_C37"
"568","49714326","NORM_C","Green","Norm_C32"
"569","49729303","NORM_A","Red","Norm_A27"
"570","51606350","NORM_C","Green","Norm_C5"
"571","51668449","NORM_G","Blue","Norm_G17"
"572","51761481","NORM_C","Green","Norm_C28"
"573","52668393","NORM_T","Purple","Norm_T48"
"574","52747473","NORM_T","Purple","Norm_T36"
"575","52761413","NORM_C","Green","Norm_C49"
"576","52807455","NORM_G","Blue","Norm_G21"
"577","54708463","NORM_G","Blue","Norm_G15"
"578","54713306","NORM_T","Purple","Norm_T6"
"579","55662399","NORM_T","Purple","Norm_T26"
"580","55684415","NORM_T","Purple","Norm_T55"
"581","55732329","NORM_C","Green","Norm_C14"
"582","55747501","NORM_C","Green","Norm_C25"
"583","55772319","NORM_T","Purple","Norm_T22"
"584","55799383","NORM_T","Purple","Norm_T38"
"585","56656442","NORM_C","Green","Norm_C40"
"586","56778357","NORM_C","Green","Norm_C3"
"587","56806464","NORM_C","Green","Norm_C57"
"588","57640346","NORM_C","Green","Norm_C60"
"589","57649399","NORM_C","Green","Norm_C26"
"590","57713321","NORM_T","Purple","Norm_T32"
"591","57799313","NORM_C","Green","Norm_C12"
"592","58676498","NORM_G","Blue","Norm_G3"
"593","58768373","NORM_T","Purple","Norm_T53"
"594","59624459","NORM_G","Blue","Norm_G23"
"595","59756399","NORM_C","Green","Norm_C22"
"596","59792509","NORM_T","Purple","Norm_T29"
"597","60810444","NORM_T","Purple","Norm_T1"
"598","61620502","NORM_A","Red","Norm_A14"
"599","61626504","NORM_A","Red","Norm_A26"
"600","61760309","NORM_G","Blue","Norm_G5"
"601","62708477","NORM_C","Green","Norm_C55"
"602","62710448","NORM_A","Red","Norm_A24"
"603","62796402","NORM_A","Red","Norm_A12"
"604","63602392","NORM_A","Red","Norm_A20"
"605","63615474","NORM_C","Green","Norm_C19"
"606","63623369","NORM_T","Purple","Norm_T28"
"607","63709386","NORM_C","Green","Norm_C36"
"608","63724326","NORM_G","Blue","Norm_G14"
"609","63742354","NORM_G","Blue","Norm_G27"
"610","63775337","NORM_G","Blue","Norm_G2"
"611","64609487","NORM_C","Green","Norm_C56"
"612","65610474","NORM_C","Green","Norm_C59"
"613","65622344","NORM_T","Purple","Norm_T59"
"614","67699483","NORM_A","Red","Norm_A13"
"615","67713480","NORM_G","Blue","Norm_G7"
"616","67721390","NORM_G","Blue","Norm_G13"
"617","67735372","NORM_T","Purple","Norm_T33"
"618","67751351","NORM_C","Green","Norm_C7"
"619","67775306","NORM_C","Green","Norm_C33"
"620","68634356","NORM_A","Red","Norm_A29"
"621","68641317","NORM_A","Red","Norm_A16"
"622","68657384","NORM_T","Purple","Norm_T52"
"623","68705481","NORM_T","Purple","Norm_T37"
"624","68726417","NORM_T","Purple","Norm_T45"
"625","69660330","NORM_T","Purple","Norm_T20"
"626","69667417","NORM_G","Blue","Norm_G25"
"627","70603486","NORM_A","Red","Norm_A2"
"628","70622474","NORM_A","Red","Norm_A3"
"629","70700334","NORM_A","Red","Norm_A10"
"630","71670310","NORM_C","Green","Norm_C51"
"631","71678368","NORM_T","Purple","Norm_T3"
"632","72748406","NORM_A","Red","Norm_A23"
"633","73635489","NORM_T","Purple","Norm_T35"
"634","73784382","NORM_C","Green","Norm_C45"
"635","73794434","NORM_C","Green","Norm_C17"
